"","baseMean","log2FoldChange","lfcSE","stat","pvalue","padj"
"3183",1432.40015979451,-4.52349712874567,0.142649929348813,-31.7104757737709,1.1142183172124e-220,4.99169806111155e-218
"91828",58.2842234383409,-3.47820360534797,0.375671633985405,-9.25862719111525,2.07077412382055e-20,8.43369824974187e-19
"81537",1106.56971762968,-2.75754768126593,0.130103490989373,-21.1950322031802,1.06126034080731e-99,2.37722316340838e-97
"4776",97.461818194366,-2.24586186354094,0.255656305034135,-8.78469186684474,1.56793739271017e-18,4.94302089387694e-17
"283624",29.5352007313394,-2.24001491381734,0.405813908150946,-5.51980814069129,3.39369993363115e-08,4.34393591504787e-07
"4053",135.522149417936,-2.11428205785264,0.24084465907166,-8.77861301139987,1.6550293171463e-18,4.94302089387694e-17
"85446",82.5670990089107,-2.00352501351428,0.263740884783949,-7.59656590655457,3.04092459703197e-14,7.17018010247538e-13
"10484",1400.24185534692,-1.85837786734961,0.121197313100289,-15.3334906510001,4.56766676123494e-53,6.82104903011085e-51
"55701",344.20811516999,-1.73961736041058,0.163991210221822,-10.6079914774548,2.73566503516169e-26,1.75082562250348e-24
"1112",413.054950570526,1.71225867245646,0.144915703196688,11.8155495552644,3.2442057374712e-32,2.9068083407742e-30
"26020",5310.95322880689,-1.70905823813073,0.143517145685143,-11.9083906662983,1.07022910135238e-32,1.19865659351466e-30
"6038",32.4914429792246,-1.69968784664343,0.366391606851103,-4.63899231003443,3.50112079027611e-06,2.58385770343617e-05
"57156",5.40571279381349,-1.67288939044111,0.661374876801022,-2.52941175892959,0.0114253899724891,0.0271297790944442
"731223",1.9671026203033,-1.6631520358834,0.729790796053574,-2.27894356146595,0.0226704204780558,NA
"5228",24.9520902859294,-1.66212943841284,0.418983607463788,-3.9670512373363,7.27673532212441e-05,0.00037906714236183
"100289511",87.8236602256995,-1.56877555472898,0.279314024795923,-5.61652983904117,1.94830617205936e-08,2.64497322752301e-07
"117153",2.51057825696152,-1.56229986614111,0.728707809352641,-2.14393182849105,0.0320383494699092,0.0639014161814284
"64207",837.459611647065,-1.55593023990358,0.140965473336716,-11.0376690339416,2.51472224057808e-28,1.87765927296496e-26
"51062",20.0323159397424,-1.55388086562808,0.435311134374935,-3.56958676891944,0.000357544779217963,0.00146954184485915
"145553",4.81655530302247,-1.54751717547855,0.671233003068312,-2.30548433763627,0.0211394629389538,0.045751108196383
"10243",338.746609584515,-1.54194126450271,0.156307175438636,-9.86481433226364,5.9143766881063e-23,3.31205094533953e-21
"57523",53.2587591296687,-1.50299458765496,0.299482795871286,-5.01863415319833,5.2040146572385e-07,4.69605248272374e-06
"83982",10.8825096069583,-1.48573332331613,0.540152626758592,-2.75058057614545,0.0059489758844623,0.0164514888656735
"623",4.44636529012901,-1.45389193760792,0.673415172028592,-2.1589830434444,0.0308514824660318,0.0619796598420729
"23428",465.75556990637,-1.44283570918619,0.152805630779627,-9.44229412113101,3.64705388049678e-21,1.63388013846256e-19
"80757",3.97991438538255,-1.40720034199387,0.691136219604602,-2.03606800233813,0.0417435272586461,0.0799192316746729
"55320",238.966477802658,1.38896184417887,0.202430797920733,6.86141564646082,6.81814611029793e-12,1.32805628583194e-10
"79686",22.1405377031261,1.38080312985046,0.387682207339192,3.56168816548851,0.00036847788118727,0.00150070991610816
"2353",180.28473241364,-1.37714962702149,0.219469882000525,-6.2748911808236,3.49878909654846e-10,5.80539820464336e-09
"100288846",6.13470711409441,-1.3658476601296,0.624759870613376,-2.18619620813456,0.0288012535736109,0.0586498254589895
"400221",0.974675560282545,-1.34592932682023,0.694561692801581,-1.9378110551869,0.0526462785117864,NA
"55812",15.7757619629031,-1.32903981572061,0.467486530113565,-2.84294782867381,0.00446983865153918,0.0128364597172407
"3306",946.728724035196,-1.30836085245296,0.153920421934333,-8.50024211219445,1.8919567401043e-17,5.29747887229204e-16
"5583",10.2596742151672,-1.3059745576008,0.541578416948674,-2.41142282766516,0.0158904143243273,0.0360168753156853
"122769",177.230285283856,1.30022612451547,0.171848110281372,7.56613571360531,3.84490364494892e-14,8.61258416468559e-13
"9369",327.512279792085,-1.2986791099135,0.153417364982469,-8.46500726995215,2.56136714674227e-17,6.74995577494434e-16
"25938",2940.80984818683,-1.24943045176459,0.128083761393273,-9.75479200621142,1.75961002141004e-22,8.75894766212997e-21
"7080",39.9797438561718,-1.23377091972103,0.321577710150241,-3.83661827539172,0.000124740133499521,0.000576119379461705
"9472",71.9883051049858,-1.22309036440844,0.251412913655463,-4.86486691007675,1.14533850830321e-06,9.32930275854249e-06
"90668",14.4440661626902,-1.22071567267618,0.483546072224984,-2.52450747259552,0.0115860541702236,0.0273186961487376
"145447",2.09685833455682,1.19563219242626,0.73157338941382,1.63432980166797,0.102189619324906,NA
"5687",62.354573094425,-1.1872684016993,0.287257676434532,-4.13311287773328,3.57882850787495e-05,0.000208222749549088
"283547",2.40093478925935,-1.18083334540971,0.726772496244827,-1.6247633908974,0.104212984371431,NA
"7253",0.879171747422991,-1.17519089359932,0.675137230259378,-1.74066966081522,0.0817414992702238,NA
"122416",415.961946881745,-1.17435665390991,0.355753515247696,-3.30104019658739,0.000963270808372096,0.0034249628742119
"84334",54.2512832894478,1.1433387891006,0.260016835963868,4.39717214795845,1.09670361316364e-05,7.22534145143106e-05
"97",90.1519744789873,1.12694944145441,0.217735052457569,5.17578326840149,2.26956797454968e-07,2.25603810221508e-06
"196872",15.7593489679742,-1.12367315956595,0.444350633099326,-2.52879837647215,0.0114453755554687,0.0271297790944442
"122616",113.349294456021,-1.11472480377903,0.22260554875543,-5.00762361949812,5.5106158935075e-07,4.84069788292424e-06
"145482",46.4020593503469,1.1088341336381,0.278308701288859,3.98418780477595,6.77113089376902e-05,0.000361126981001014
"89932",681.292332079321,-1.09389329764706,0.142895654664534,-7.65518937727752,1.93027575976792e-14,4.80424189097793e-13
"79446",200.297567743048,-1.08659232599486,0.171699779013473,-6.32844335757474,2.47646729534503e-10,4.43782939325829e-09
"145483",26.2372438697388,-1.0819372654162,0.394151208445639,-2.74498020615716,0.00605145475255693,0.0166322191972117
"113146",8091.8204447092,-1.06040850099806,0.117993155913062,-8.9870339749144,2.53992126641034e-19,8.75295944116794e-18
"3320",9589.96294823561,1.05902675815388,0.117077327549075,9.04553238721627,1.489376137666e-19,5.56033758061975e-18
"2287",149.792366848785,-1.05205839830652,0.232812801346378,-4.51890270733556,6.21609492662488e-06,4.42033417004436e-05
"440193",553.897351675936,1.04518810852461,0.149294487265307,7.00084864263766,2.54416682354357e-12,5.18084880430691e-11
"256369",0.701899246796241,-1.02704072659222,0.654302908901173,-1.56967164996563,0.116491519980812,NA
"1033",151.151456683266,1.02235205325258,0.194235517821479,5.26346604740035,1.41364624015627e-07,1.50788932283336e-06
"7011",393.149102247071,-1.01811559110806,0.151810213548844,-6.70650259496861,1.99344304318901e-11,3.72109368061948e-10
"376267",20.9890059390901,1.00660938767154,0.391700951193329,2.56984157073114,0.0101745033734847,0.0248959000389302
"55333",236.474895409753,-0.990285186257954,0.184922192044451,-5.35514518462939,8.54877463379526e-08,9.34110008765921e-07
"9495",11.2550212796222,0.968066197098626,0.512272398980966,1.88974888950555,0.0587915521164752,0.104105199004668
"122786",78.9553417891622,-0.954789277524657,0.24946765726316,-3.82730686614603,0.000129552963347783,0.000592242118161295
"387990",6.16710103651015,0.952202002872035,0.606639241618118,1.56963469809863,0.116500121331762,0.189101646219671
"5083",108.475141844886,0.91754560883159,0.220373762126575,4.16358826013319,3.13284844360007e-05,0.000187135480364377
"57452",0.593146932225047,-0.910528037565311,0.633755269119884,-1.43671868611016,0.150797943220308,NA
"122525",3.52735441658135,-0.887435057422969,0.697239620683527,-1.2727834608036,0.203094891709724,0.303288371619855
"55102",412.607879129318,-0.880915780433987,0.140260751881845,-6.28055795092319,3.37360099543862e-10,5.80539820464336e-09
"51016",278.963431261046,-0.876459445298556,0.171960749160328,-5.09685756533537,3.45337959606685e-07,3.29173204050628e-06
"283596",77.4942204410022,0.875541553881386,0.232175763794369,3.77102906682726,0.000162575732903335,0.000714058120987196
"60485",235.494633614731,0.864454530417008,0.167142424890047,5.17196355734147,2.3164676942387e-07,2.25603810221508e-06
"9787",449.732534427427,0.852685479266412,0.168171590857491,5.07033010105124,3.97126295542903e-07,3.70651209173376e-06
"9870",1192.41922715277,-0.849621050535841,0.118733863130534,-7.15567596416687,8.3261609148454e-13,1.77624766183369e-11
"55727",396.983610074766,0.847078271118886,0.148688222217879,5.69700988069942,1.21926864055903e-08,1.70697609678264e-07
"643866",29.8986180482568,-0.841230916054162,0.339840518976871,-2.47536967806778,0.0133098327193585,0.0305784874783211
"10965",407.735439529025,-0.838800199151072,0.156233440131432,-5.36889028651885,7.9222592850066e-08,8.8729303992074e-07
"22863",204.054348536117,0.836528646902067,0.180364617893545,4.63798641148013,3.51819910512514e-06,2.58385770343617e-05
"55745",166.358100525616,-0.827760294086051,0.188966118115341,-4.3804693790704,1.18423934203653e-05,7.68897427872991e-05
"79609",45.6179984660877,0.82409110067801,0.287266822033321,2.8687305232291,0.00412122756848354,0.0120673852985662
"1397",1966.60401305455,-0.822542701404016,0.168169908806144,-4.89114079470778,1.00253217134125e-06,8.47423420303551e-06
"4253",154.936826325271,-0.815084188732455,0.212228713883587,-3.84059335712485,0.000122737283887363,0.000572773991474363
"161394",5.22258593152774,-0.806396187420136,0.637288592668533,-1.2653548120852,0.20574416610269,0.305209888788096
"2342",24.5550647317514,0.806091130810016,0.390961291856742,2.06181826078421,0.0392250418626059,0.0757449084243425
"55644",385.073371542473,0.800991096574132,0.147672584132224,5.42410157769659,5.82467535549846e-08,6.86698568227187e-07
"283554",59.938691282558,-0.796349135190337,0.267164280867933,-2.98074702427753,0.00287546221876165,0.00876331342860692
"11099",468.355626236144,0.79598401810395,0.132593638853168,6.00318405157739,1.9348507539127e-09,2.96643849785836e-08
"55775",317.34226625771,0.795795937459591,0.144087883201904,5.52298999593516,3.33278718861787e-08,4.34393591504787e-07
"10516",313.360473673507,-0.788295129976791,0.157116393502735,-5.01726848741007,5.24113000303989e-07,4.69605248272374e-06
"64423",3154.45957727645,-0.783851075312696,0.165179220758605,-4.74545812550008,2.08034949164283e-06,1.63508170571226e-05
"123036",12.0736511733874,0.781246766183047,0.498774220877891,1.56633349014706,0.117270564564647,0.189665028609971
"161436",32.6827330441306,0.780582192381665,0.334955368955764,2.33040656973244,0.0197846728755009,0.0432367485279239
"122706",0.477524391504373,-0.777838058677479,0.605830758098615,-1.28391972226485,0.199170045725382,NA
"1053",0.500433314666908,-0.777667505227457,0.605897412145765,-1.28349699080802,0.199318013158563,NA
"8812",589.050177970424,0.767404264778082,0.128940889603387,5.95159741132982,2.65537899966118e-09,3.83745094144584e-08
"57820",461.320081323437,0.761338992960825,0.138424726432583,5.50002165495788,3.79744608355319e-08,4.72571068175508e-07
"57570",181.225063317447,0.759943670172124,0.193798351453344,3.92131132423527,8.80683916950211e-05,0.000448348175901926
"51562",80.3712155569268,0.744997291414789,0.265466738223546,2.80636774460022,0.00501034754741829,0.0142065550711607
"645431",1.10140075018282,-0.738651270256046,0.721669652787289,-1.02353101228958,0.30605684462904,NA
"1241",184.282018219079,0.737599497791902,0.175269626758216,4.20837033452133,2.5721906119404e-05,0.00016230160480976
"1965",1002.8175409666,0.725176694297716,0.132863688005995,5.45805031593732,4.81391256493193e-08,5.82873737591758e-07
"8814",65.9585869441561,-0.724716803593119,0.272062047371212,-2.66379236132222,0.00772652383936536,0.0201248521967621
"10572",1533.9592112381,-0.72335246379959,0.172798275562376,-4.1861092736338,2.8377677144071e-05,0.00017415341589786
"161357",3.91093614010412,0.720132613320407,0.689070596739257,1.04507813383438,0.295986859209724,0.407549440212015
"23351",1551.62887257246,-0.708929251855538,0.118176328279823,-5.99891079858991,1.98645435124443e-09,2.96643849785836e-08
"123099",6.91419698610375,0.706087020640966,0.62433958513667,1.13093425028689,0.258082766187041,0.362448524300296
"51804",378.731637143684,0.701938692448754,0.14386571196158,4.87912430889863,1.0655789055921e-06,8.84035832787521e-06
"55038",540.199366046281,0.697281116634237,0.166471422414359,4.18859349263357,2.80688672128689e-05,0.00017415341589786
"7443",115.006428831965,0.69542916816118,0.212805569550322,3.26790868129385,0.00108345317494672,0.0037537156353444
"60686",216.029900967751,0.695151900366022,0.168837524944053,4.11728317266184,3.83364921970008e-05,0.000216986144434838
"100529261",15.2191803823681,0.68839581831613,0.435485375543253,1.58075530655278,0.113933997210282,0.18669728198366
"90673",48.104431834993,-0.688274871515456,0.280867245112756,-2.4505344909092,0.0142644295788307,0.0326044104658987
"81892",395.803074661241,0.687404960674608,0.139450638959126,4.92937835068718,8.24916818652695e-07,7.10697566839244e-06
"55237",0.244604444377625,0.683497037359114,0.493198534099321,1.38584563842493,0.165794043181846,NA
"728635",12.680881774761,-0.681218636551113,0.497535888519006,-1.36918492167242,0.170941478081073,0.260812538585099
"9056",8.49718166095661,-0.677819304598832,0.560715398208492,-1.20884731677512,0.226721509350867,0.331932144409113
"10598",2014.19504407581,0.671376830801339,0.10847405537726,6.18928487983942,6.04377703812324e-10,9.67004326099718e-09
"400236",21.1880920520839,-0.668792765908579,0.416035525781448,-1.60753763672554,0.10793648008197,0.178537030374329
"145376",1.52610582752836,0.663388347949224,0.737712673122482,0.899250307225076,0.368519349660451,NA
"79696",9.65485101596621,-0.66106540118584,0.521843539707438,-1.26678851204415,0.205230920885145,0.305209888788096
"10668",56.0637010937899,-0.660720344312448,0.288840443937058,-2.28749248306939,0.0221670936916351,0.0472897998754883
"7051",140.268301368179,0.656900793140942,0.209462054466489,3.13613267478972,0.00171191738870911,0.00567054586670355
"55030",832.784271522788,0.655091882056005,0.125664378037104,5.21302768762823,1.85783154362855e-07,1.93560123615254e-06
"8747",50.8933247002735,-0.649388157655921,0.294494022406118,-2.20509792473951,0.0274472236855753,0.0561477452563367
"280655",14.0014993486591,0.642737006948317,0.449238967375927,1.43072407699324,0.152509309957384,0.23641581612771
"317762",1333.95111831557,0.638991793463764,0.13545977572899,4.71720693486291,2.39104461061397e-06,1.8468758371639e-05
"91875",215.506706862087,0.627640208822662,0.161642032564476,3.88290223071965,0.000103217077512728,0.000491928199209595
"26257",8.93400191991033,-0.620317291620155,0.535309279744913,-1.15880167800519,0.246537033382495,0.351566814757137
"84684",0.777429071841636,0.619721599610084,0.659250063011809,0.940040258439814,0.347196910799642,NA
"55671",625.836442042281,0.619050102819896,0.138579058003344,4.46712592609022,7.92774683923988e-06,5.45491210963185e-05
"91750",72.0802359471852,0.618551207534182,0.234714480713742,2.63533466556146,0.00840543635060401,0.0215179170575463
"8846",211.90687817786,0.618441499314596,0.158628478653727,3.89867887887019,9.67189383184652e-05,0.000476154773260136
"80224",136.679724606725,0.617932538045701,0.203913144328084,3.0303712891185,0.00244253268868996,0.00761704448367126
"80821",349.527185042906,0.617517411492699,0.149771060283887,4.12307564840771,3.73846853307419e-05,0.000214722295232979
"57143",234.321216262903,-0.616132452895485,0.15772102838788,-3.90646991839442,9.36542963723545e-05,0.000466971873614538
"83694",200.19809480727,0.615634577199985,0.18447082191817,3.33730055950571,0.000845964115987908,0.00308123515416734
"161176",107.131534234867,0.613791305293965,0.207773831236046,2.95413191181259,0.00313549949412992,0.00942754210315575
"122953",370.418506971415,0.609465408218364,0.148786535102672,4.09624034727197,4.19913975953452e-05,0.000232248717564378
"25983",339.856444832978,0.607076434794237,0.147534004366222,4.11482381571707,3.87475257919354e-05,0.000216986144434838
"100628307",14.6428787000668,-0.603863968450644,0.478656505942236,-1.26158103139523,0.207099585251056,0.306206647499911
"56936",3.28985037391207,-0.599751783119829,0.70903649767476,-0.84586870363751,0.397625993173909,0.506229841174152
"80017",95.1364434285455,-0.597380740352245,0.219089659543622,-2.72664963557216,0.0063980935334488,0.0173717933514246
"6547",0.971363310048689,-0.594641566962505,0.712384317010624,-0.834720182299629,0.403875275463728,NA
"100129794",21.0913652411075,-0.583254721907116,0.400852458228242,-1.45503591143007,0.145659319921442,0.228165647988833
"54813",118.255348287161,-0.581245341463074,0.207417604146694,-2.80229512752445,0.00507404324876383,0.0142966753172717
"79038",711.794187477751,0.579991868971388,0.145982261174355,3.97302976612117,7.09641770811084e-05,0.000374022956851018
"9252",31.4082058725744,-0.578850832813967,0.347150886586917,-1.66743296698751,0.0954283431499982,0.161327915966789
"652",155.215285316105,-0.575029771356739,0.186175507044211,-3.0886435089455,0.00201072555057042,0.00638868827415282
"22990",4575.41546492155,-0.57376866347385,0.106085275516115,-5.4085608081085,6.35332166094378e-08,7.29817462590465e-07
"11169",517.390335277691,0.57216352716212,0.14784733663199,3.86996167936595,0.000108852461787257,0.000513325293480957
"26153",1508.85595650182,-0.571201924099784,0.192860958129978,-2.96172916301092,0.00305916747270283,0.00926018262007343
"22938",389.279138150234,0.568098591424289,0.145440130018899,3.90606493098204,9.38113138957778e-05,0.000466971873614538
"51109",2692.50482148618,-0.563820241593268,0.108550083857944,-5.19410231254288,2.05709995012853e-07,2.09450176740359e-06
"9529",647.300394518713,0.562853000726294,0.125326221062931,4.49110326596112,7.0855184563955e-06,4.95986291947685e-05
"5527",360.78940204713,0.562144445921013,0.147928213395034,3.8001165093493,0.000144628073814914,0.000654478556253347
"317760",1.11984843894904,0.559663437011084,0.72986255237593,0.76680662021802,0.443196499682034,NA
"57475",314.851584098013,0.55574832781228,0.148274744914798,3.74809835708451,0.000178180384660495,0.000767546272383669
"2972",525.952338579188,-0.55393523477008,0.153952289564633,-3.59809676320223,0.000320554365092163,0.0013421341641242
"8111",0.720793642787434,-0.552731884977695,0.685469876801436,-0.806354741009002,0.420038335262208,NA
"56413",65.058851443831,0.552356606227336,0.260350311699041,2.12158995555899,0.0338721866052502,0.066265238424245
"6710",586.584335338001,0.549730360306443,0.132562449619739,4.14695384615605,3.36927947886522e-05,0.000198610158754161
"64093",11602.1575379348,-0.547994050826652,0.11969194021018,-4.57837052239582,4.68612085582908e-06,3.38610023130875e-05
"10490",195.34971214517,0.544853968146428,0.166426453885026,3.27384232150277,0.00106095795658738,0.00374259184685942
"91748",1332.09809198065,0.543465094520931,0.123149861689813,4.41303861054914,1.01929809532618e-05,6.81560517471833e-05
"55668",275.242022255629,0.541510317767095,0.148145232211379,3.65526658998008,0.00025691486378664,0.00108966489467019
"80127",79.0738051815004,0.532271715723607,0.222192063147185,2.39554783453727,0.0165955486570083,0.0371740289916985
"55072",702.163628132844,-0.531879193512233,0.140659772889485,-3.78131702181919,0.000156000863185405,0.000694861454883061
"283578",208.745398578219,-0.5259283183146,0.168704678005758,-3.11744952500161,0.00182423181526487,0.00592214386404828
"122509",209.643535351167,-0.524701697110866,0.18475338378455,-2.84001129702039,0.00451119362081539,0.0128727053638554
"283600",0.550461492546276,0.523528566766729,0.599123978763048,0.873823424406426,0.382214421749911,NA
"1743",1514.19888879154,0.521718114815406,0.11122237257948,4.69076591980256,2.72184224395567e-06,2.06675478863075e-05
"7453",3893.71824011719,-0.521412850943666,0.108624464573438,-4.80014196609597,1.58553194675406e-06,1.26842555740324e-05
"6729",607.502675796322,0.520144647505694,0.149578226599278,3.4774088403867,0.00050628517741201,0.00195530827138431
"338005",304.178617003405,0.518608606759575,0.147145242177688,3.52446738395604,0.000424335050947289,0.00168231949402111
"51222",806.643348887699,-0.518000738096405,0.19059744598518,-2.71777376354078,0.00657227597902945,0.0176310158000311
"1073",378.133576171255,0.515571222488357,0.170174918588575,3.02965458579023,0.00244833572689433,0.00761704448367126
"145389",113.777189377681,-0.515018021904882,0.224433765175872,-2.29474393704219,0.0217478032295133,0.0467666298752613
"161247",6.69726937340053,0.511963268868847,0.587668530812848,0.871176933977922,0.383657552220604,0.492488777635618
"23503",1184.72909009369,0.509856846738586,0.114209722737689,4.46421578230778,8.03625444722549e-06,5.45491210963185e-05
"5427",96.4388016119171,0.505927572055077,0.213973823444131,2.36443675170938,0.018057510408259,0.0398510574527096
"26520",116.934542268689,0.503453042248215,0.208833542586254,2.41078629425766,0.0159181725725574,0.0360168753156853
"384",306.563931996922,0.497698182536876,0.148546406906343,3.3504558804352,0.000806786605187183,0.0029626262223267
"115708",501.513726289288,0.496829782751993,0.169238739486455,2.93567409128426,0.0033282379558574,0.00994033736149409
"51637",396.266441921992,0.494231316267667,0.15257563473295,3.23925453190943,0.00119842573092238,0.00409843303399408
"145241",6.47866414663616,-0.492916070688717,0.624615815918924,-0.789150799781699,0.430023874006447,0.536631463941193
"9578",4085.72471089244,-0.489462686002605,0.125744062869859,-3.89253118462684,9.92037430051905e-05,0.000483079096373101
"30001",732.457150357068,-0.486747984576763,0.142078458864643,-3.42590979988377,0.000612743830326441,0.00228757696655205
"6655",180.616921806147,0.486546667773334,0.182482732945438,2.66626140413411,0.00767000286010762,0.0200945104171241
"2079",948.316810885468,0.485976315344017,0.114154583698701,4.25717741327583,2.07024066338432e-05,0.000132495402456597
"29986",0.380986229138297,0.485355169844338,0.560917728427151,0.865287626414136,0.38688094052525,NA
"641372",0.380986229138297,0.485355169844338,0.560917728427151,0.865287626414136,0.38688094052525,NA
"11183",303.832111715731,-0.484034010061898,0.165057870577578,-2.93251093309362,0.00336233083771618,0.00997565705494602
"90135",343.910124938093,0.482290968033721,0.155117180368582,3.10920406680759,0.00187592103319072,0.00600294730621031
"4149",394.373803558462,0.480971102165786,0.134123332850361,3.58603601583921,0.000335742609793247,0.00139271008506828
"122830",180.09243729405,0.480848148255564,0.178428430117556,2.69490768897513,0.00704081340654944,0.0187755024174652
"100506321",65.5654658367666,0.480323427633997,0.243033253785128,1.97636915999431,0.0481129818122861,0.089810899382934
"729665",2.80467402902896,0.480065126919403,0.722675065513158,0.664289041961782,0.506505333151167,0.60998491734334
"57862",411.058560782882,0.48001182869739,0.138979868696421,3.45382272410905,0.000552700563114923,0.00210849107825267
"55778",117.014215438235,-0.475856371305524,0.214374664477652,-2.21974164934556,0.0264363098811795,0.0543278294805892
"81693",3.68234202063747,0.47533923304985,0.692852212602537,0.686061506918408,0.492674323185692,0.598152023813523
"26037",1056.20474177558,-0.474794036268472,0.117102418631082,-4.05451946952741,5.02374664275109e-05,0.000274468109262499
"122622",192.428804844724,0.473014455550312,0.18099438824314,2.61342056039265,0.00896409201421164,0.0225613102380158
"84837",22.9090586920735,-0.471220787974927,0.39703318770948,-1.18685490926701,0.235284855733375,0.341784998969093
"10001",141.221877652282,0.470904225243499,0.18908488412972,2.49043823577373,0.0127585669344584,0.0296157408634059
"79944",270.31235806466,0.469951575662422,0.149928257618952,3.13450968567126,0.00172141570953501,0.00567054586670355
"51077",177.001949667295,0.468591948501353,0.176040460443726,2.661842324885,0.00777142729919607,0.0201248521967621
"1396",1456.12603877695,-0.466885652297618,0.148183318873893,-3.15073016211053,0.00162862879180377,0.00544496790095588
"283571",1.46861441200196,-0.462294699304538,0.735085613590269,-0.628899125159885,0.529415098841371,NA
"9240",661.513926674837,-0.461015410823631,0.126154835468136,-3.65436179368703,0.000257822497399644,0.00108966489467019
"55837",196.35601758628,0.458566988712574,0.168414853904732,2.72284170950844,0.00647230606453007,0.0174674284151173
"394",736.627442642957,0.45791169940337,0.151878061887233,3.01499567293243,0.00256982921907283,0.00793988613892847
"84932",117.733342402507,0.457445244465456,0.200658548604319,2.27971969122281,0.0226243186713669,0.0478098809659073
"4860",2170.52904214006,0.457438469456008,0.109606496550986,4.17346128058406,3.00006665753648e-05,0.000181625657104911
"9556",1303.36747214995,0.456100989923994,0.117373605919156,3.88589058291473,0.000101955423490575,0.000491140104556747
"23256",207.911052690631,-0.455900886141015,0.205364918351304,-2.21995504295985,0.0264218195193125,0.0543278294805892
"5706",58.173144324597,0.45437151094867,0.27546597101963,1.64946512001764,0.0990523832734922,0.166200253582489
"4901",14.2477103398457,-0.453748095732424,0.461455892390623,-0.983296785705199,0.325461391638011,0.435426059052633
"56948",417.949792978999,-0.453567892704231,0.159237559293803,-2.84837254926378,0.00439434503770809,0.0127010746896337
"9692",542.69428326241,0.453464706492158,0.129965726785914,3.48910991925686,0.000484631819716128,0.00188795700202457
"4140",794.24177471666,0.452621067745769,0.120691328701293,3.75023684481917,0.00017666762363128,0.000767546272383669
"100128927",236.11803724886,-0.452487280292052,0.17063611834376,-2.65176730860978,0.00800717032935643,0.0206161626870786
"2530",216.210938823447,-0.451305618754248,0.175162429365784,-2.57649782769229,0.00998068326332107,0.024567835725098
"55449",142.102111688682,-0.450770600045154,0.188734369318723,-2.38838639550553,0.0169225393206675,0.0377178985853684
"84962",577.320321451022,0.447774003821377,0.137084921208361,3.2663986664207,0.00108924784061333,0.0037537156353444
"53981",1048.85142573759,0.447650389958641,0.143948679022462,3.10979157987818,0.00187219397621029,0.00600294730621031
"4329",246.960164683757,0.447643191637371,0.167157558369469,2.67797158563387,0.00740695015679091,0.019519492177896
"317749",82.7580300559427,-0.443834646715034,0.232039629374233,-1.9127536443321,0.0557795981137979,0.100358473714785
"112399",294.78949478351,-0.443731855564627,0.155768787349169,-2.84865705842573,0.00439041772330522,0.0127010746896337
"51635",802.41807128455,-0.442329115856746,0.128117489223321,-3.45252719623412,0.000555361489361194,0.00210849107825267
"81542",601.231714145266,-0.441494806109607,0.127962298902718,-3.45019439237528,0.000560183021030795,0.00210892431446887
"57062",2348.41650548263,0.440373505453721,0.110214277000663,3.99561216058308,6.45272980965176e-05,0.000348291922255902
"8487",57.715584578397,0.439871654347625,0.272226656660104,1.61582873530581,0.106131346932452,0.176754064779698
"79789",21.9986173193528,0.439062473021326,0.386454643552366,1.1361293759738,0.255902422323076,0.360516620128108
"11161",715.105508913183,0.438492219432314,0.12412329240078,3.53271502029185,0.00041131559174112,0.00164526236696448
"4287",70.2822404296889,0.438267727378813,0.240794327519911,1.82009157729255,0.0687450600642271,0.119835746726746
"3958",846.778110957202,-0.437483576782368,0.123386351975692,-3.54563993324445,0.00039166097558298,0.00158075781136194
"1690",0.242997164174289,-0.437250728136416,0.495337480560693,-0.882732975589639,0.377380561070803,NA
"9766",896.296524424026,0.434938646371191,0.131684570370554,3.3028823737458,0.000956965201150858,0.0034249628742119
"145216",0.253504571050542,0.432632259412664,0.496857294270321,0.870737462047373,0.383897518706941,NA
"1113",0.371979067831239,0.431595071618149,0.579135247661963,0.745240551944556,0.456126312029222,NA
"4707",178.791345472213,0.428691703319275,0.172375374568477,2.48696604368495,0.0128837695670494,0.0297522101342171
"10038",444.471305216434,0.423792413470318,0.133689117766327,3.16998436784553,0.0015244713883889,0.00513506151878366
"7127",2015.20487712645,-0.420473749742107,0.137867534887832,-3.04983874618634,0.00228964264157115,0.00722366129171743
"9321",350.524805417528,-0.419944221263059,0.162687972847247,-2.5812862125792,0.0098432936930397,0.0243635114612253
"51218",227.670681076639,0.419476863683742,0.162227518206043,2.58573186794962,0.0097172490168919,0.0241851531087087
"145200",0.247775729041724,-0.419412921727983,0.486431191550976,-0.862224563335862,0.388563955265745,NA
"84502",0.247775729041724,-0.419412921727983,0.486431191550976,-0.862224563335862,0.388563955265745,NA
"51199",708.409056056689,0.418832165333009,0.129415165536475,3.23634532009283,0.00121070822841957,0.00410907035099974
"328",2347.23082623196,0.418059812456214,0.105694020476213,3.95537808641027,7.64137078935848e-05,0.000393486679727885
"441687",0.267502439490617,0.4178399740206,0.492348268582714,0.84866749957993,0.396066335680888,NA
"196913",0.258932569471319,-0.415152415296038,0.484339485121617,-0.857151704639143,0.391361049284835,NA
"645687",0.240905502892244,-0.411527229678687,0.482781165174266,-0.852409454561346,0.393986874458091,NA
"26499",44.3431365180018,-0.411224791104946,0.283974626048082,-1.44810399727516,0.147587967817735,0.230381218056952
"58517",851.743223471815,0.406796577377911,0.123034818136252,3.30635330339916,0.000945188279238054,0.00341487378305361
"55051",258.307878536129,-0.4016385902835,0.158180570373089,-2.53911456594312,0.0111133424365118,0.0266244781366699
"55012",74.2766655347405,-0.401012343044333,0.241018159165683,-1.66382626285294,0.0961471540034516,0.161932048847919
"100506499",0.628547888911741,-0.398354689274887,0.66168332650011,-0.602032231009861,0.547152683076694,NA
"23508",2.46558891104577,0.397856173134218,0.714924422334326,0.556501024031552,0.577868394591393,0.679488296002478
"57544",160.740297547376,-0.394305770640654,0.197452292879132,-1.99696729215509,0.0458287362025286,0.0862658563812303
"801",2942.34974033974,-0.393921385991628,0.104204373288416,-3.78027690739365,0.000156654033355333,0.000694861454883061
"122961",81.8699095689892,-0.389208641659444,0.229016890169391,-1.69947570841421,0.0892295877544899,0.152575783641265
"624",361.641418947578,0.383154578414905,0.15064475956582,2.5434311788821,0.0109769678638395,0.0264391484032264
"122553",133.794357172539,-0.380699291126736,0.200769657218314,-1.89619933809404,0.0579336906853524,0.103041443496957
"100129075",31.4833332449977,0.380124028092704,0.320589916708008,1.18570175879524,0.235740099735379,0.341784998969093
"57596",821.832052695162,-0.379436763106851,0.178497308526073,-2.12572820419546,0.03352589709822,0.066265238424245
"9112",2186.05010257752,0.377169088027411,0.149855466850467,2.51688574300574,0.0118397217109953,0.0277706561598213
"5411",1519.65466877779,0.374374091520246,0.114574533283709,3.26751574534652,0.00108495831171467,0.0037537156353444
"63874",497.8177544446,-0.370941277089145,0.138362432597431,-2.68093925587741,0.00734158412491473,0.0194617141299515
"8906",914.253047671338,-0.370846307691758,0.140860321136195,-2.63272371311148,0.00847032195623239,0.0215608195249552
"64112",285.594077916298,-0.370613192649338,0.155687950908822,-2.38048731764981,0.0172897561803309,0.0383455978652884
"91833",191.915754857527,0.370061215561318,0.165262053671827,2.23923887752342,0.025140377488638,0.0521430051616196
"7517",453.254617345418,0.368297140173018,0.162984740298552,2.25970320594663,0.0238396772018087,0.0496752343553968
"5684",519.235637448021,0.367767182397068,0.139799037121658,2.63068465970208,0.00852130622735119,0.0215680519200753
"283551",1.37277277298017,-0.365893278777356,0.734541679163339,-0.498124598176808,0.618396223912423,NA
"100616300",0.126022912962788,0.365385981793238,0.374900854954253,0.974620294845219,0.32974864280122,NA
"122970",0.126022912962788,0.365385981793238,0.374900854954253,0.974620294845219,0.32974864280122,NA
"319103",0.126022912962788,0.365385981793238,0.374900854954253,0.974620294845219,0.32974864280122,NA
"56967",0.126022912962788,0.365385981793238,0.374900854954253,0.974620294845219,0.32974864280122,NA
"5283",143.858465886597,-0.364913740313636,0.191735763622523,-1.90321165660077,0.0570129327512028,0.102167175490155
"5018",2809.65296920578,0.364190555633631,0.103707285785242,3.51171620080578,0.000445223161699617,0.00174964891615288
"55015",259.471209211921,0.36184943005149,0.165859476781818,2.18166267657705,0.0291344374366644,0.0590598550752293
"85439",850.777585128837,0.361407068016596,0.120895552075515,2.98941575444272,0.0027951151539126,0.00857679170515649
"100505967",0.398320434717103,-0.357703243833274,0.571224465918088,-0.626204347284676,0.531180916159589,NA
"440163",0.398320434717103,-0.357703243833274,0.571224465918088,-0.626204347284676,0.531180916159589,NA
"84312",82.0916750284388,0.357363755112942,0.236035657818517,1.51402444196678,0.130019640454546,0.206556024551903
"55017",545.214836837902,-0.357320488909194,0.130657945464639,-2.7347781081243,0.00624223393301568,0.0170519561097014
"23034",381.58724152163,0.352678030132048,0.136341376974607,2.58672780015806,0.00968921003656277,0.0241851531087087
"5720",1005.81015687042,0.35258238362895,0.122566085872568,2.87667164304758,0.00401893556258595,0.0118452837634112
"10972",5587.36073511244,-0.34906005676877,0.1037717420592,-3.3637293721988,0.000768969072877389,0.00284709210453777
"122618",0.118581531414837,0.348927457602054,0.36696198936965,0.95085449640554,0.341678243750561,NA
"83851",0.118581531414837,0.348927457602054,0.36696198936965,0.95085449640554,0.341678243750561,NA
"9362",0.118581531414837,0.348927457602054,0.36696198936965,0.95085449640554,0.341678243750561,NA
"641371",332.588597786726,-0.348253466983179,0.144948807807925,-2.40259628381806,0.0162791484056602,0.0366485351042
"29091",2.50448591864301,-0.348138741823103,0.716235127192141,-0.486067673318275,0.626919185849236,0.716479069541984
"10548",2026.383277715,-0.347923198972176,0.124589736759815,-2.7925510400821,0.00522942168400646,0.0146423807152181
"57578",3.44740527247424,-0.347192478872561,0.685031311886428,-0.506827166653839,0.612276092973096,0.706431766653722
"3895",4077.9144398207,0.345812909039355,0.135475025656044,2.55259526517704,0.0106923664548349,0.0258928657933298
"5529",261.171892485766,0.342789276220602,0.159939300423096,2.14324606468706,0.0320933451804049,0.0639014161814284
"53349",205.457665267819,-0.342319108248156,0.169230014714872,-2.02280374923393,0.0430933849895344,0.0821524956396231
"10858",0.387163594287509,-0.34128453497435,0.567808795271691,-0.60105538663072,0.547803096697344,NA
"283638",1329.67069021499,0.337540045001016,0.158968432424355,2.12331492393393,0.0337274709385027,0.066265238424245
"122481",1.84785934512185,-0.336254666712809,0.734586260129398,-0.457747013473377,0.647134207387507,NA
"10419",2139.13743449535,0.333995498493685,0.106863809352388,3.12543133655585,0.00177544513393606,0.00580583518250626
"112840",133.424955079484,-0.333279843731912,0.210155700676107,-1.5858710596938,0.112768561983092,0.185736455030975
"10979",1605.59606939013,0.33260514195071,0.120750559222638,2.75448117252574,0.00587852720824391,0.0163576409272874
"145508",73.9463761913324,-0.330791586181098,0.241761997337215,-1.36825303324948,0.171232886547883,0.260812538585099
"55640",333.988970315349,0.328472278909357,0.144203729318107,2.27783484146074,0.0227364196150309,0.0478212018194076
"26175",104.274319462524,0.326658907976218,0.218729977709926,1.49343455979969,0.135323472130859,0.213468012375439
"51292",641.458908619578,-0.319241216510753,0.127061010236762,-2.51250337074991,0.0119877959877635,0.0279715239714483
"51528",805.300375733519,-0.318661522541899,0.150871910443338,-2.11213287884744,0.034675053618952,0.0675409740056108
"63894",262.673223524986,-0.315745806320558,0.16050965795087,-1.96714521949329,0.0491664713356335,0.0910189221419992
"5875",502.022580865566,-0.31571868400896,0.160195921280548,-1.9708284798091,0.0487434979491961,0.0906103198391695
"27004",5.5987695682621,0.312363207046138,0.618259288572245,0.505230107852455,0.613397225956022,0.706431766653722
"6430",1127.53477989518,-0.309569783284862,0.120543231330579,-2.56812248906697,0.0102251018017035,0.0248959000389302
"2764",278.162579539551,0.30917254063676,0.198260364168828,1.55942687754516,0.118895378943456,0.191601186211037
"7187",812.893970465571,0.307223132905796,0.131403639215893,2.33801084002731,0.0193866858219949,0.042574682589479
"2954",379.351814506592,-0.305686348826925,0.151436965313583,-2.01857154357217,0.0435317711800459,0.0826365825790703
"83544",77.6975608237549,-0.303063963193237,0.256418921745299,-1.1819095140501,0.237241606509902,0.342852386182052
"399671",15.1962776697668,0.301969615865272,0.445615493763338,0.67764613235294,0.497996088589293,0.602979047805414
"2643",128.759295021216,0.295731941160414,0.187774557985559,1.57493083372433,0.115272410593056,0.187789236166143
"1735",8.12959877458449,-0.29544925952192,0.553345334742433,-0.533932864292501,0.593387983518991,0.691253103856079
"23357",619.09186752831,0.295440013159353,0.154281311564228,1.91494361931425,0.0554996942261681,0.100257512150497
"2877",1.21412409334817,0.292986260182569,0.732772124574733,0.399832704270246,0.689279740945444,NA
"2100",5.81005327996789,0.292346558159733,0.606847345452377,0.481746456255488,0.629986070019345,0.718152059462255
"23224",4152.34332616615,0.290004963185434,0.127070630367674,2.28223439473242,0.0224755054746285,0.0477205045148511
"64398",799.083464528065,-0.289890574513772,0.126394894150815,-2.29353073525163,0.0218174679552,0.0467666298752613
"51550",208.776588999014,0.28888029088555,0.160436641726452,1.80058799397022,0.0717678429125814,0.124620130328824
"64582",31.9129063238833,-0.287166594415887,0.382217158993499,-0.751317903079207,0.452461357233016,0.561503290970613
"122945",2.83728327830191,0.287068809413578,0.727491884624262,0.394600703431687,0.693137594312509,0.766729980869146
"27109",70.0454353579069,-0.28609436091265,0.243339558296034,-1.17570017351886,0.239714709266342,0.345312507238975
"4323",4.79040587745618,0.279705497887444,0.635834394437104,0.43990306333627,0.660007317113008,0.737364783208547
"55172",203.4891713324,0.279560653141986,0.16647089473391,1.67933652059023,0.0930864772545196,0.158565558213022
"207",2032.32652122213,0.279356468078045,0.139799978705281,1.99825830207721,0.045688663654604,0.0862658563812303
"22846",55.0025234757467,-0.279130114378276,0.270401218874486,-1.03228127276986,0.301940371426092,0.412568082775539
"51004",349.265901130191,-0.277673769261555,0.144347366198355,-1.92364971093403,0.0543985055122671,0.0990671970304702
"51527",156.900063151762,-0.277182928274608,0.185963005245897,-1.49052725787095,0.136085654853771,0.213917099559611
"58533",399.086536707901,0.276385137450703,0.139580564328385,1.98011190727432,0.0476909554715122,0.0893955985407426
"11177",842.456675402816,0.273282413946731,0.14194863713897,1.92522041391058,0.0542017892643689,0.0990671970304702
"283",22.4869525319274,-0.270541506663342,0.393627131202274,-0.687304012396233,0.491891170894737,0.598152023813523
"3831",973.30817353131,-0.270311180168495,0.119506312742922,-2.26189875634418,0.0237036592358573,0.0496226137274022
"122809",324.376854511496,-0.268958086546331,0.153080576220792,-1.75697069599742,0.0789228041838935,0.135990062593786
"379025",62.666364319544,0.268711542563852,0.257428957276012,1.04382795706911,0.296564994439993,0.407549440212015
"29082",42.1993161033554,-0.26632031596055,0.298656812288683,-0.891726908620198,0.372539326875431,0.483761212870125
"5890",45.4322734370428,-0.265186486781387,0.313591593972598,-0.845642842086384,0.397752018065405,0.506229841174152
"10640",291.45504854957,0.260541830799317,0.180561746257476,1.44295143461778,0.149034152533451,0.231830903940923
"5721",76.7400952701813,0.259818561989378,0.24240349807465,1.07184328631002,0.283790427063313,0.392401578161618
"8788",0.623350477155508,-0.25979204720537,0.633996707781716,-0.409768763806918,0.681975581974887,NA
"1734",941.981114108177,-0.257092167943856,0.135597550060593,-1.89599419627399,0.057960811967038,0.103041443496957
"29954",1514.34557881554,0.255442136886182,0.12021975779262,2.12479330832475,0.0336038634455599,0.066265238424245
"27141",427.826922792813,0.255363576012404,0.133314057799741,1.91550373776786,0.0554282929245971,0.100257512150497
"9878",815.01466464375,0.253951670707181,0.122166819533647,2.07872867343688,0.0376422959611364,0.0730032406519008
"171546",1059.62168396793,-0.252580377898037,0.116393766410897,-2.17005073112222,0.0300030029864114,0.0605466006212267
"55147",1571.99344008633,0.250910940915595,0.108028085838491,2.32264543954543,0.0201982075398188,0.0439261989215476
"7597",245.070544900869,-0.250753250007562,0.164269483274881,-1.52647494232366,0.126891626248814,0.203026601998102
"647310",7.92097100229312,-0.250572434077565,0.550880221881313,-0.454858287018971,0.64921119389667,0.730096602147412
"145567",66.3122284623466,0.250375910020869,0.255056549195962,0.981648621884644,0.32627298501524,0.435426059052633
"9950",210.514321001507,0.246503823030538,0.176857704693947,1.39379747948846,0.163378769513036,0.250663317609042
"5700",241.095835856152,0.243650082656849,0.178284953130114,1.36663290075316,0.171740399291527,0.260812538585099
"91612",176.322010522042,-0.24275085805165,0.193300946194296,-1.2558182607531,0.209181869379141,0.307884745986296
"55218",647.67921470333,-0.242427571634415,0.132697857995435,-1.82691397808965,0.0677127042389817,0.118961927447309
"161253",5.8779934560187,0.240548437603009,0.600800261741193,0.400380047947833,0.688876617439522,0.763902783695312
"10202",53.4125358228483,-0.23839642393,0.288982791731122,-0.824950241853193,0.409399840621614,0.518110532764077
"10577",1183.45168902212,-0.23645231732306,0.120543110437632,-1.96155812194177,0.0498139519358838,0.0918380677665676
"1778",33118.8415116603,-0.236336348975265,0.116020198428026,-2.03702762258142,0.0416472739933071,0.0799192316746729
"3091",2789.35036249145,-0.235855338348046,0.129326292024166,-1.82372303927166,0.0681939539380789,0.119339419391638
"7043",157.407024331088,0.235153313352927,0.187426740476571,1.25464121477544,0.209609034655849,0.307884745986296
"114088",0.860660299765207,-0.233822299698246,0.712602530870741,-0.328124430617071,0.742817582715481,NA
"5891",81.8415374666515,-0.233618513548814,0.229532060911059,-1.01780340672904,0.308771392728889,0.419180557401643
"123016",226.775921080972,-0.232073414175784,0.166391556797132,-1.39474272999761,0.163093434463717,0.250663317609042
"599",605.273181172259,0.231068746765875,0.131287485197002,1.7600211202092,0.0784042256525486,0.135618120047652
"9147",441.831968171799,0.229901340929063,0.145538753777707,1.57965720443237,0.114185391213221,0.18669728198366
"145438",1.87102942734362,-0.22894723518139,0.734181889274388,-0.311839938475825,0.75516216990453,NA
"55148",504.053772523441,0.22797591878988,0.131062771618923,1.73944069680398,0.081957275001787,0.140677621459006
"4738",1068.17611216943,0.225504345876595,0.116415662600374,1.93706191108232,0.0527377758617423,0.0968300146969694
"100506412",0.129466284735659,-0.224564553683371,0.374514863528414,-0.599614529494724,0.548763161715977,NA
"84659",0.129466284735659,-0.224564553683371,0.374514863528414,-0.599614529494724,0.548763161715977,NA
"5265",0.127374623453615,-0.221913848739733,0.372544065187931,-0.595671410381447,0.551394760947956,NA
"84439",0.127374623453615,-0.221913848739733,0.372544065187931,-0.595671410381447,0.551394760947956,NA
"57447",155.170394903188,0.215671408310248,0.189230816697441,1.13972666859586,0.254400192988979,0.359530872110608
"161145",1.64746279960457,0.210545927663244,0.737203146861455,0.285600961634002,0.775183766845748,NA
"100616158",0.118309444306065,-0.209906736415662,0.363393776681876,-0.577628869520843,0.563514711598653,NA
"100886964",0.118309444306065,-0.209906736415662,0.363393776681876,-0.577628869520843,0.563514711598653,NA
"145407",0.118309444306065,-0.209906736415662,0.363393776681876,-0.577628869520843,0.563514711598653,NA
"145474",0.118309444306065,-0.209906736415662,0.363393776681876,-0.577628869520843,0.563514711598653,NA
"27133",0.118309444306065,-0.209906736415662,0.363393776681876,-0.577628869520843,0.563514711598653,NA
"338917",0.118309444306065,-0.209906736415662,0.363393776681876,-0.577628869520843,0.563514711598653,NA
"253959",201.648717330029,0.208030919542369,0.179772739363181,1.15718834946438,0.247195416626112,0.351566814757137
"90141",24.4837270753047,-0.207536622482438,0.380438360033124,-0.545519706436459,0.585396130838795,0.686537870721937
"78990",46.8164519399536,-0.205515825650427,0.285836954780944,-0.718996694489441,0.472142956361349,0.577400352774452
"100506071",0.113530879438629,-0.203330446356014,0.358231568779085,-0.567594997417451,0.57031000478715,NA
"382",737.83712827266,-0.20310917654544,0.12486006866273,-1.62669441656383,0.10380201518375,0.173519786575822
"115817",616.477938378626,0.202837556612749,0.150776665213746,1.34528480468247,0.178533278750041,0.270212530000062
"22985",3016.39039310875,0.199127317799384,0.107598175407943,1.85065701202108,0.0642189121468099,0.113268002526657
"6495",66.5246849241116,-0.196945138529458,0.254656990623484,-0.773374169102023,0.439300972596241,0.546685654786434
"254170",204.062390446734,-0.192642813711905,0.165360464660124,-1.16498713345936,0.244024201035843,0.350393724564288
"4331",119.188578115546,0.191992191002935,0.220311920162178,0.871456210184194,0.383505105731869,0.492488777635618
"1983",2444.68667469688,0.190505368999447,0.123632788380176,1.54089680816415,0.12334190279656,0.198054381551466
"9517",1554.26535349477,0.179035005224858,0.118015794375216,1.51704274985125,0.129255891035637,0.206073449053258
"91754",1648.87606616573,-0.178101601751243,0.110811206153334,-1.60725262303161,0.107998962570186,0.178537030374329
"112752",185.146903673386,-0.1733811719961,0.17673074243173,-0.981047041451073,0.326569544289475,0.435426059052633
"9786",254.146157455785,-0.172972204386026,0.170607786585387,-1.0138587918404,0.31065013695031,0.420456982941809
"57680",3836.28560711167,-0.172701650914912,0.103386594154854,-1.67044530605425,0.094831292138451,0.160925829083432
"85457",282.509170182675,0.168113338658457,0.148914126638365,1.12892807723149,0.25892817533593,0.362499445470301
"400242",11.4799255027677,-0.167462340834447,0.484401159197771,-0.345710033212525,0.729560643272612,0.791387816431308
"9895",739.002073124613,-0.167068533641863,0.138592073875687,-1.20546961287063,0.228022061943711,0.332748807005806
"112487",50.9102726583708,0.16658027277362,0.298903810055551,0.557303945850208,0.577319780212899,0.679488296002478
"22795",4.82374320650146,-0.165852479361822,0.640673377194918,-0.258872126211923,0.79573390531283,0.850808567017059
"57697",164.260380319255,0.165150594646287,0.184429090933219,0.895469330844818,0.370536253306437,0.48255884151536
"8650",1103.36769567791,0.163975970335274,0.115824861222939,1.41572343453669,0.156856494325419,0.242316239509614
"27030",232.701123222174,0.16274404274992,0.162193785705202,1.00339259018047,0.31567147785238,0.424687153386986
"26094",119.974070654714,0.161823078151544,0.192622976148723,0.840102678231912,0.400850818589996,0.508728517643961
"25831",2867.30747347967,-0.161292392360617,0.107289157868018,-1.50334288725644,0.132750646098509,0.210149432693045
"79711",2864.04512166258,0.158924993121608,0.119251686517127,1.33268549706241,0.182635034591888,0.275361050363322
"400224",1.73273859901924,-0.157850265912551,0.735174016495475,-0.214711432083811,0.829992308934793,NA
"161159",0.270945811263489,-0.156605510544756,0.501182926581317,-0.312471758790743,0.754682022553883,NA
"10175",1314.19330376357,-0.15587643952223,0.117270045522131,-1.32920933754403,0.18377891530945,0.275361050363322
"3705",1366.66868550646,-0.154821736973523,0.153659147276219,-1.00756602986489,0.313662843842326,0.423255885666753
"4247",534.462748965834,-0.153984635171658,0.134091927752396,-1.1483512673186,0.250823582856971,0.355597990885833
"11198",1990.51963834867,0.151330038893955,0.113729947102751,1.33060854022233,0.183317850943794,0.275361050363322
"87",8204.7123594792,-0.15001994466855,0.135274822627486,-1.10900122990121,0.267429651411738,0.372076036746766
"677811",1.71507972613353,0.149731692304368,0.736963608364107,0.203173793936364,0.838999195050402,NA
"10901",212.76436235429,-0.147289830847493,0.163451780215775,-0.901120995152534,0.367523991100263,0.481434935710286
"64745",985.305811169643,0.144264717482314,0.124263405274463,1.16095899000735,0.245658577399199,0.351566814757137
"6617",67.4939808027702,-0.143868420837191,0.269930810323029,-0.532982584185266,0.594045636126318,0.691253103856079
"84193",500.130667603109,0.1425945469339,0.1381691972525,1.03202848224783,0.302058774889234,0.412568082775539
"8106",91.419711245285,-0.140177510122818,0.219012951480193,-0.640042103334219,0.522145227344225,0.622130483644183
"51339",0.255010405966459,-0.139881212499408,0.493211191687888,-0.283613216522318,0.776706807527367,NA
"90809",772.281353977415,0.13892860766134,0.12501173555128,1.11132452524308,0.266428686470379,0.37183816678732
"647286",0.259788970833894,-0.13743147217625,0.485834713889095,-0.282877011970006,0.777271116956159,NA
"57594",275.328814476861,-0.13602730135369,0.150334561636116,-0.904830531803746,0.365555174003825,0.480260169952239
"8816",708.727474955544,-0.135518750562175,0.124687489676447,-1.0868672624161,0.27709547628496,0.384330567726508
"23588",516.196297186756,0.133554514156424,0.129812165917459,1.02882894844651,0.303560060953739,0.413358380873177
"11154",43.9827922862683,-0.133234621565126,0.295313616606317,-0.451163150200219,0.651871966203047,0.730096602147412
"256281",148.196016291302,0.130945380058728,0.197903335195332,0.661663331390977,0.508187009844328,0.610369384477906
"55860",192.696379181633,-0.130847310829271,0.182340320607231,-0.717599433814325,0.473004306848714,0.577400352774452
"100506433",1.35528444297627,0.129427338702992,0.735439696427098,0.175986337604257,0.860304675940042,NA
"3429",7.64892592330244,-0.128937877001941,0.546872294609916,-0.235773284316611,0.813608599811959,0.863736143876203
"5494",364.538884054995,0.127662058248495,0.142256272759981,0.897408991334183,0.369500716460388,0.48255884151536
"101101776",25.4903279260031,0.124078231372693,0.355962406069729,0.348571167227101,0.727411276866134,0.79097148552434
"414763",25.4903279260031,0.124078231372693,0.355962406069729,0.348571167227101,0.727411276866134,0.79097148552434
"100302145",0.236890975720902,0.12271407934208,0.480712422765777,0.255275448543736,0.798510361126856,NA
"64841",488.032864647589,-0.121354941704192,0.147578881608759,-0.822305606203955,0.410902986824473,0.518547994640462
"26030",1248.88539383753,0.120961049614295,0.14121920710095,0.856548143113605,0.391694655309712,0.501369158796432
"643382",31.8368684211581,0.119459149467213,0.331175183490832,0.360712865644174,0.718314105958838,0.78873705752343
"283635",168.526110583332,-0.117308978464313,0.184328369156869,-0.636413043748459,0.524507241360299,0.623287119706668
"64430",587.538388638622,-0.116951111806399,0.144336330191908,-0.81026801534237,0.417786153917509,0.52575336223327
"5641",1222.23822512151,-0.115310790280814,0.124593371779799,-0.925496987790081,0.354707449831108,0.467379228012754
"54207",0.245956154868452,0.11506194435816,0.485961104184167,0.236771921389318,0.812833735712259,NA
"23093",538.97983645015,-0.114542255434352,0.131452999725605,-0.871355204319774,0.383560236792584,0.492488777635618
"5693",3002.29692720442,-0.114301569110141,0.119935329756914,-0.953026679809936,0.340576553021612,0.450083468299948
"6554",0.890852916646125,0.113774306029615,0.695949159940928,0.163480772128918,0.870139911102289,NA
"51382",290.267324962901,0.113495478930463,0.156515258131433,0.725140029703401,0.468366129040498,0.575877733346636
"57096",2.23860210229564,-0.112831325221111,0.730430646751621,-0.154472331798913,0.877237325381973,NA
"93487",1201.03950847312,-0.108016208433205,0.112029522394436,-0.964176282506131,0.334957553133846,0.443967407704033
"374569",6.74847143752185,-0.10727236010835,0.608563294812328,-0.176271492255265,0.860080657221128,0.898172807540945
"6166",1274.39217432313,-0.107089685529642,0.110416999409593,-0.969865927368589,0.33211332568701,0.441503768272345
"677",934.009599185288,0.10660317002246,0.145300668846361,0.733672947749338,0.46314808978441,0.573177746473524
"6815",167.426508034665,0.105741759949831,0.176701625932274,0.598419846970506,0.549559826164749,0.651330164343406
"84520",102.424327106805,0.103339794104056,0.207972527595384,0.496891562067786,0.619265522132918,0.711361420296275
"23186",817.135573336417,-0.103112104476238,0.130159500999712,-0.792198062256449,0.428245198281421,0.535904605670604
"4792",973.472293334456,-0.102144364077829,0.115892039188458,-0.881375155645741,0.378114800118106,0.48958216893905
"2009",4.33486237140333,-0.098209686897393,0.652282890018474,-0.15056302779092,0.880320428387475,0.912924888698122
"55632",103.96944592161,-0.0980592374483497,0.242409748993198,-0.404518538778328,0.685831448075064,0.762413123418433
"2957",438.054205665003,-0.0979111949084367,0.14563143494875,-0.672321844132714,0.501378826272977,0.605438582669256
"23405",704.60037056881,0.095921830167532,0.132524600403796,0.723803956965444,0.469186099713219,0.575877733346636
"3169",370.470876131861,-0.0958226705228631,0.147952284273907,-0.64765928416127,0.517205344055783,0.617887984365308
"54916",195.412037357972,-0.095189748309517,0.182867874976168,-0.52053838500569,0.602688381347239,0.69949325089006
"51466",652.693608509333,0.0911461562724757,0.138897441879216,0.656211914627887,0.511687783829496,0.612930821271696
"283643",382.099819729571,0.0892913587298993,0.172466254403725,0.517732347343021,0.604645025907804,0.699950831025055
"55334",1810.10842247537,0.0875212722139334,0.109385809636977,0.800115412633443,0.423643932123837,0.531631601096579
"64403",1334.11510565657,0.0867598515087949,0.147326457340707,0.588895253947185,0.555931541704819,0.657143352727596
"56252",1279.79272180009,-0.0821661243693046,0.1127163385,-0.728963746185784,0.466023839265818,0.575147878763323
"1152",13757.2273555563,-0.0791357679730935,0.160172181395234,-0.494066867815338,0.621258955973696,0.711826118353493
"406986",0.141479526527829,0.0778722612282298,0.38108842408569,0.204341712596129,0.838086475643729,NA
"442910",0.141479526527829,0.0778722612282298,0.38108842408569,0.204341712596129,0.838086475643729,NA
"6252",0.141479526527829,0.0778722612282298,0.38108842408569,0.204341712596129,0.838086475643729,NA
"9623",0.141479526527829,0.0778722612282298,0.38108842408569,0.204341712596129,0.838086475643729,NA
"112849",157.715515478218,0.0763780926494963,0.217529233364138,0.351116452112169,0.725500985749109,0.79097148552434
"6235",1039.37062427954,0.0762277090563349,0.355844408570334,0.214216402507469,0.830378305612586,0.875316425681032
"3714",4388.0410852243,0.0759439589154301,0.179796891416996,0.422387496896684,0.672742202525814,0.749722653561106
"122773",0.728507111444157,-0.0754987972277864,0.692294548961066,-0.109055888625858,0.913158161916667,NA
"23116",137.148299137262,-0.0751511307614764,0.192096833698781,-0.391214833240394,0.695638444958267,0.767601042712571
"10914",1238.80820484706,-0.0736605166307863,0.136560120851599,-0.539399908051003,0.589610944480027,0.689675465083687
"957",271.04290877112,0.0725375280553122,0.151677291025493,0.478235914980316,0.632482302826034,0.719167694583917
"145501",0.127481658087755,0.0723380870306647,0.368577811677791,0.196262728625407,0.844404532273136,NA
"2003",0.127481658087755,0.0723380870306647,0.368577811677791,0.196262728625407,0.844404532273136,NA
"23368",297.253914660692,-0.0708978242166742,0.150943147620043,-0.469698859037573,0.638570183144849,0.724251752022512
"145226",1.59843573157565,-0.0683420333574104,0.736804916536776,-0.0927545837759069,0.926098532294316,NA
"8110",2.7714974915651,-0.0681216907980659,0.713646181846261,-0.0954558330597797,0.923952770121433,0.949382662877068
"22890",514.116693111494,-0.0642310628035167,0.140249768018329,-0.457976249879591,0.646969504392549,0.730081455838443
"54930",357.222340031938,0.0638358078625714,0.138284506431031,0.461626609589913,0.644349108931689,0.728960608084335
"89874",33.6059994970774,-0.061923159058826,0.321684681112035,-0.192496449768025,0.847353348585654,0.889026464089866
"6400",1767.58151093855,-0.0512132728996478,0.113508868582698,-0.451183009214262,0.651857654349898,0.730096602147412
"145282",41.2473834574326,-0.050519464428872,0.303996621789149,-0.1661842955081,0.868011917964965,0.904347300577452
"5926",138.622912226507,0.0471469099063212,0.192390279169804,0.245058690645743,0.806410987880845,0.860171720406235
"29966",411.282379091423,0.0447827179887914,0.142959049194105,0.3132555668301,0.754086504961168,0.816016314547351
"5663",1245.51865050415,0.042911138441329,0.113021009751444,0.379673996327757,0.704187425192626,0.775125224782055
"26277",274.991297105689,0.0424405234986663,0.150748435045623,0.281532100056772,0.778302310994315,0.838171719532339
"4522",1684.45118501255,-0.039537485091443,0.112956208340768,-0.350024896127584,0.726320013667064,0.79097148552434
"4293",408.170124757446,-0.0392248853435439,0.14149146499447,-0.277224391909979,0.78160781130757,0.839712948359211
"283579",1.19047521939441,-0.0378498392470862,0.728995031513934,-0.0519205723096383,0.958591982049985,NA
"23241",695.422830300979,-0.0376696410013677,0.175133961563007,-0.21509044085556,0.829696806586202,0.875316425681032
"9985",33.9823818516358,-0.0362674865377648,0.346546951723306,-0.104653889920007,0.916650451473542,0.946219820875914
"5836",1031.59281056639,0.0354564450877206,0.11949087944086,0.296729300626405,0.766673185315384,0.827637559087451
"51241",98.7652859054145,0.0346113753774838,0.227168136897131,0.152360167452344,0.878902872004628,0.912924888698122
"23002",148.616912758957,-0.0343398316562254,0.190819962156977,-0.179959325366472,0.857184500463533,0.897239850952483
"8892",683.894155651366,0.0329723115337303,0.124520274261662,0.264794723021921,0.791167602258127,0.847949966056558
"161424",514.721182351494,-0.0326572494410727,0.150158699586574,-0.217484897851317,0.827830475117279,0.875316425681032
"80344",941.694825253544,-0.0288253345735764,0.121909360417866,-0.236448903306296,0.813084352418668,0.863736143876203
"79882",720.107342908215,0.0267238490637471,0.131675952510957,0.202951629011556,0.839172839779231,0.882510404274872
"319085",0.656231813537233,-0.0256666741536063,0.637018657909253,-0.040291871886212,0.967860433813788,NA
"57161",1.34982768807623,-0.0231911700640487,0.735795424120321,-0.0315185027030779,0.974856036451835,NA
"56339",603.374717737829,0.0193340263871433,0.131666762546076,0.146840599808759,0.883257837994181,0.913855684575966
"161142",157.58882347319,-0.0191748144263907,0.188331338482142,-0.101814252375257,0.918904112681231,0.94636561489929
"85495",13.7772996143032,0.0184393380656492,0.476394280914595,0.0387060441411027,0.969124754494401,0.983126079997857
"283629",33.6562757967114,0.0113643678999274,0.320412787147166,0.0354678975240389,0.971706644326144,0.983126079997857
"5826",338.203919945445,-0.0107342510807143,0.161561773522884,-0.0664405375519961,0.947027097184921,0.966442231295774
"29933",0.496501735224831,0.0101667801744459,0.620986021075184,0.016371995229205,0.986937621324533,NA
"122402",655.294326289855,0.0098108257143233,0.123596835258241,0.0793776450167577,0.936732249218829,0.960311321853628
"5106",1825.27637627374,0.00980207444482611,0.137940211838238,0.0710603116683696,0.943349754984168,0.964887420623076
"100750247",246.098352190864,0.00620993441760628,0.216051232319948,0.0287428789501652,0.977069658024916,0.985872087376492
"79178",173.982566297219,-0.00598212821225816,0.171372031002736,-0.0349072609880117,0.972153690712166,0.983126079997857
"1603",1084.93813710963,0.00447564311722734,0.120648184087738,0.0370966471735086,0.970407945358049,0.983126079997857
"641455",32.8667883570347,-0.00289545755851296,0.360099448921897,-0.0080407164386996,0.993584505626131,0.9980400415258
"8748",0.486968692394836,0.00154223521672577,0.618731795301086,0.0024925746962386,0.998011215192587,NA
"7528",927.235426959943,-0.00152172960380106,0.122980409827027,-0.0123737561611755,0.990127422931953,0.996802439266326
"122704",183.118502671239,0.000740079898197707,0.173435124654353,0.00426718578299897,0.996595288678331,0.998824808339804
"123096",1091.25477087083,0.000115919740109735,0.152912741355643,0.000758077705507417,0.99939514156082,0.99939514156082
